id,image_url,title,datetime,location,description,spots_left,created_at,Ended,start_time,end_time,redirect_link,hours_approved,location_link
a31c03f8-42d5-4ff9-911d-8952772557f4,,7th Street Handouts,2025-12-20 19:30:00+00,"720 E 7th St, Austin, TX","Come Be the Hands and Feet of Jesus âœï¸ğŸ«¶

Join us this Saturday as we hit the streets of Austin to bring meals, Bibles, and prayer to those experiencing homelessness. Every handout is a chance to offer not just foodâ€”but hope, encouragement, and the powerful love of Jesus Christ.

Whether youâ€™re a returning volunteer or itâ€™s your first time out, youâ€™ll be walking in purpose alongside a community of passionate believers ready to make an eternal impact. Letâ€™s be bold in love, generous in spirit, and faithful in action. ğŸ’›

ğŸ“Austin, TX | â° Saturdays | ğŸ‘ Meals & Bibles | ğŸ™ Prayer & Connection

Must be 18 or older to volunteer!

(PARKING IS FREE)",0,2025-11-21 03:28:20.194213+00,t,2025-12-20 19:30:00+00,2025-12-20 21:30:00+00,,t,
bab4c1d0-82be-49cb-b2d1-53f8c7d3bb96,,7th Street Handouts,2025-12-13 19:30:00+00,"720 E 7th St, Austin, TX","Come Be the Hands and Feet of Jesus âœï¸ğŸ«¶

Join us this Saturday as we hit the streets of Austin to bring meals, Bibles, and prayer to those experiencing homelessness. Every handout is a chance to offer not just foodâ€”but hope, encouragement, and the powerful love of Jesus Christ.

Whether youâ€™re a returning volunteer or itâ€™s your first time out, youâ€™ll be walking in purpose alongside a community of passionate believers ready to make an eternal impact. Letâ€™s be bold in love, generous in spirit, and faithful in action. ğŸ’›

ğŸ“Austin, TX | â° Saturdays | ğŸ‘ Meals & Bibles | ğŸ™ Prayer & Connection

Must be 18 or older to volunteer!

(PARKING IS FREE)",4,2025-11-21 03:29:00.468151+00,t,2025-12-13 19:30:00+00,2025-12-13 21:30:00+00,,t,
e005aa06-06c1-4256-be76-6ed6ce542175,,Meal Prep & Pack,2025-12-06 16:00:00+00,"364 Pale Horse Bend Buda, TX 78610","Saturday Morning Meal Prep ğŸğŸ’ª

Start your Saturday with purpose! Join us as we prepare 306 Peanut Butter & Jelly sandwiches, load up coolers, and pack meals that half of which will head straight into the hands of our homeless neighbors that very same day.

Youâ€™ll be part of the behind-the-scenes crew that makes our outreach possibleâ€”fueling both our Saturday AND Sunday routes with love, compassion, and the Gospel message. From spreading peanut butter to praying over meals, every moment counts. ğŸ§¡

ğŸ¥ª Prep | ğŸ“¦ Pack | ğŸš Load | ğŸ™Œ Serve

Must be 18 or older to volunteer!",0,2025-11-21 02:58:51.649321+00,t,2025-12-06 16:00:00+00,2025-12-06 19:00:00+00,,t,
457907ee-2f4e-47fa-a0da-36975bc6ff97,,Riverside Handouts,2025-11-29 07:30:00+00,"1908 S Pleasant Valley Rd, Austin, TX","Come Be the Hands and Feet of Jesus âœï¸ğŸ«¶

Join us this Saturday as we hit the streets of Austin to bring meals, Bibles, and prayer to those experiencing homelessness. Every handout is a chance to offer not just foodâ€”but hope, encouragement, and the powerful love of Jesus Christ.

Whether youâ€™re a returning volunteer or itâ€™s your first time out, youâ€™ll be walking in purpose alongside a community of passionate believers ready to make an eternal impact. Letâ€™s be bold in love, generous in spirit, and faithful in action. ğŸ’›

ğŸ“Austin, TX | â° Saturdays | ğŸ‘ Meals & Bibles | ğŸ™ Prayer & Connection

Must be 18 or older to volunteer!

Parking Instructions posted below in photos! (PARKING IS FREE)",7,2025-11-21 01:52:15.715978+00,t,2025-11-29 19:30:00+00,2025-11-29 21:30:00+00,,f,
50623e69-1c34-4e81-bbc5-aede1cc6f62a,,7th Street Handouts,2026-01-03 19:30:00+00,"720 E 7th St, Austin, TX","Come Be the Hands and Feet of Jesus âœï¸ğŸ«¶

Join us this Saturday as we hit the streets of Austin to bring meals, Bibles, and prayer to those experiencing homelessness. Every handout is a chance to offer not just foodâ€”but hope, encouragement, and the powerful love of Jesus Christ.

Whether youâ€™re a returning volunteer or itâ€™s your first time out, youâ€™ll be walking in purpose alongside a community of passionate believers ready to make an eternal impact. Letâ€™s be bold in love, generous in spirit, and faithful in action. ğŸ’›

ğŸ“Austin, TX | â° Saturdays | ğŸ‘ Meals & Bibles | ğŸ™ Prayer & Connection

Must be 18 or older to volunteer!

(PARKING IS FREE)",1,2025-11-21 03:30:26.430956+00,t,2026-01-03 19:30:00+00,2026-01-03 21:30:00+00,,t,
aba54d62-0f22-43a0-a5f7-607a89780eae,,7th Street Handouts,2025-12-27 19:30:00+00,"720 E 7th St, Austin, TX","Come Be the Hands and Feet of Jesus âœï¸ğŸ«¶

Join us this Saturday as we hit the streets of Austin to bring meals, Bibles, and prayer to those experiencing homelessness. Every handout is a chance to offer not just foodâ€”but hope, encouragement, and the powerful love of Jesus Christ.

Whether youâ€™re a returning volunteer or itâ€™s your first time out, youâ€™ll be walking in purpose alongside a community of passionate believers ready to make an eternal impact. Letâ€™s be bold in love, generous in spirit, and faithful in action. ğŸ’›

ğŸ“Austin, TX | â° Saturdays | ğŸ‘ Meals & Bibles | ğŸ™ Prayer & Connection

Must be 18 or older to volunteer!

(PARKING IS FREE)",1,2025-11-21 03:29:35.857935+00,t,2025-12-27 19:30:00+00,2025-12-27 21:30:00+00,,t,
2d395112-3a74-4995-a9e5-326a13b3113d,,7th Street Handouts,2025-11-29 19:30:00+00,"720 E 7th St, Austin, TX","Come Be the Hands and Feet of Jesus âœï¸ğŸ«¶

Join us this Saturday as we hit the streets of Austin to bring meals, Bibles, and prayer to those experiencing homelessness. Every handout is a chance to offer not just foodâ€”but hope, encouragement, and the powerful love of Jesus Christ.

Whether youâ€™re a returning volunteer or itâ€™s your first time out, youâ€™ll be walking in purpose alongside a community of passionate believers ready to make an eternal impact. Letâ€™s be bold in love, generous in spirit, and faithful in action. ğŸ’›

ğŸ“Austin, TX | â° Saturdays | ğŸ‘ Meals & Bibles | ğŸ™ Prayer & Connection

Must be 18 or older to volunteer!

Parking Instructions posted below in photos! (PARKING IS FREE)",9,2025-11-21 01:56:15.048018+00,t,2025-11-29 19:30:00+00,2025-11-29 21:30:00+00,,f,
256afc9a-04f8-4ccc-bfe6-3ba0f8e4ac6d,,Meal Prep & Pack,2025-11-29 16:00:00+00,364 Pale Horse Bend Buda TX 78610,"Saturday Morning Meal Prep ğŸğŸ’ª

Start your Saturday with purpose! Join us as we prepare 306 Peanut Butter & Jelly sandwiches, load up coolers, and pack meals that half of which will head straight into the hands of our homeless neighbors that very same day.

Youâ€™ll be part of the behind-the-scenes crew that makes our outreach possibleâ€”fueling both our Saturday AND Sunday routes with love, compassion, and the Gospel message. From spreading peanut butter to praying over meals, every moment counts. ğŸ§¡

ğŸ¥ª Prep | ğŸ“¦ Pack | ğŸš Load | ğŸ™Œ Serve

Must be 18 or older to volunteer!",10,2025-11-21 01:57:34.481986+00,t,2025-11-29 16:00:00+00,2025-11-29 19:00:00+00,,f,
ba265911-b590-4aee-8c21-1402948c811f,,Meal Prep & Pack,2025-12-20 16:00:00+00,"364 Pale Horse Bend Buda, TX 78610","Saturday Morning Meal Prep ğŸğŸ’ª

Start your Saturday with purpose! Join us as we prepare 306 Peanut Butter & Jelly sandwiches, load up coolers, and pack meals that half of which will head straight into the hands of our homeless neighbors that very same day.

Youâ€™ll be part of the behind-the-scenes crew that makes our outreach possibleâ€”fueling both our Saturday AND Sunday routes with love, compassion, and the Gospel message. From spreading peanut butter to praying over meals, every moment counts. ğŸ§¡

ğŸ¥ª Prep | ğŸ“¦ Pack | ğŸš Load | ğŸ™Œ Serve

Must be 18 or older to volunteer!",0,2025-11-21 03:17:05.800119+00,t,2025-12-20 16:00:00+00,2025-12-20 19:00:00+00,,t,
9051f645-1fe1-4ab6-a93c-2ec831a3b9ae,,Meal Prep & Pack,2025-12-13 16:00:00+00,"364 Pale Horse Bend Buda, TX 78610","Saturday Morning Meal Prep ğŸğŸ’ª

Start your Saturday with purpose! Join us as we prepare 306 Peanut Butter & Jelly sandwiches, load up coolers, and pack meals that half of which will head straight into the hands of our homeless neighbors that very same day.

Youâ€™ll be part of the behind-the-scenes crew that makes our outreach possibleâ€”fueling both our Saturday AND Sunday routes with love, compassion, and the Gospel message. From spreading peanut butter to praying over meals, every moment counts. ğŸ§¡

ğŸ¥ª Prep | ğŸ“¦ Pack | ğŸš Load | ğŸ™Œ Serve

Must be 18 or older to volunteer!",2,2025-11-21 03:01:58.442888+00,t,2025-12-13 16:00:00+00,2025-12-13 19:00:00+00,,t,
be29f424-be05-4d89-bf4b-79af7bcedf7f,,Riverside Handouts,2025-12-20 19:30:00+00,"1909 S Pleasant Valley Rd Austin, TX  78741","Come Be the Hands and Feet of Jesus âœï¸ğŸ«¶

Join us this Saturday as we hit the streets of Austin to bring meals, Bibles, and prayer to those experiencing homelessness. Every handout is a chance to offer not just foodâ€”but hope, encouragement, and the powerful love of Jesus Christ.

Whether youâ€™re a returning volunteer or itâ€™s your first time out, youâ€™ll be walking in purpose alongside a community of passionate believers ready to make an eternal impact. Letâ€™s be bold in love, generous in spirit, and faithful in action. ğŸ’›

ğŸ“Austin, TX | â° Saturdays | ğŸ‘ Meals & Bibles | ğŸ™ Prayer & Connection

Must be 18 or older to volunteer!

(PARKING IS FREE)
",0,2025-11-21 03:24:36.921508+00,t,2025-12-20 19:30:00+00,2025-12-20 21:30:00+00,,f,
2e0af101-b4a6-486c-990d-b43ebb7ec8af,,Meal Prep & Pack,2026-01-24 16:00:00+00,"364 Pale Horse Bend Buda, TX 78610","Saturday Morning Meal Prep ğŸğŸ’ª

Start your Saturday with purpose! Join us as we prepare 306 Peanut Butter & Jelly sandwiches, load up coolers, and pack meals that half of which will head straight into the hands of our homeless neighbors that very same day.

Youâ€™ll be part of the behind-the-scenes crew that makes our outreach possibleâ€”fueling both our Saturday AND Sunday routes with love, compassion, and the Gospel message. From spreading peanut butter to praying over meals, every moment counts. ğŸ§¡

ğŸ¥ª Prep | ğŸ“¦ Pack | ğŸš Load | ğŸ™Œ Serve

Must be 18 or older to volunteer!",12,2025-12-31 23:15:38.545144+00,f,2026-01-24 16:00:00+00,2026-01-24 19:00:00+00,,f,
d592d8a0-348b-49cd-bb5a-2b750ff9785a,,Riverside Handouts,2026-01-03 19:30:00+00,"1909 S Pleasant Valley Rd Austin, TX  78741","Come Be the Hands and Feet of Jesus âœï¸ğŸ«¶

Join us this Saturday as we hit the streets of Austin to bring meals, Bibles, and prayer to those experiencing homelessness. Every handout is a chance to offer not just foodâ€”but hope, encouragement, and the powerful love of Jesus Christ.

Whether youâ€™re a returning volunteer or itâ€™s your first time out, youâ€™ll be walking in purpose alongside a community of passionate believers ready to make an eternal impact. Letâ€™s be bold in love, generous in spirit, and faithful in action. ğŸ’›

ğŸ“Austin, TX | â° Saturdays | ğŸ‘ Meals & Bibles | ğŸ™ Prayer & Connection

Must be 18 or older to volunteer!

(PARKING IS FREE)",0,2025-11-21 03:25:45.679512+00,t,2026-01-03 19:30:00+00,2026-01-03 21:30:00+00,,t,
3bbd4b92-27a9-4811-a9f7-122b8056f20c,,Meal Prep & Pack,2026-01-03 16:00:00+00,"364 Pale Horse Bend Buda, TX 78610","Saturday Morning Meal Prep ğŸğŸ’ª

Start your Saturday with purpose! Join us as we prepare 306 Peanut Butter & Jelly sandwiches, load up coolers, and pack meals that half of which will head straight into the hands of our homeless neighbors that very same day.

Youâ€™ll be part of the behind-the-scenes crew that makes our outreach possibleâ€”fueling both our Saturday AND Sunday routes with love, compassion, and the Gospel message. From spreading peanut butter to praying over meals, every moment counts. ğŸ§¡

ğŸ¥ª Prep | ğŸ“¦ Pack | ğŸš Load | ğŸ™Œ Serve

Must be 18 or older to volunteer!",0,2025-11-21 03:18:45.543579+00,t,2026-01-03 16:00:00+00,2026-01-03 19:00:00+00,,t,
341239a2-d8d5-4f7f-94ef-2b68cc057c28,,Riverside Handouts,2025-12-27 19:30:00+00,"1909 S Pleasant Valley Rd Austin, TX  78741","Come Be the Hands and Feet of Jesus âœï¸ğŸ«¶

Join us this Saturday as we hit the streets of Austin to bring meals, Bibles, and prayer to those experiencing homelessness. Every handout is a chance to offer not just foodâ€”but hope, encouragement, and the powerful love of Jesus Christ.

Whether youâ€™re a returning volunteer or itâ€™s your first time out, youâ€™ll be walking in purpose alongside a community of passionate believers ready to make an eternal impact. Letâ€™s be bold in love, generous in spirit, and faithful in action. ğŸ’›

ğŸ“Austin, TX | â° Saturdays | ğŸ‘ Meals & Bibles | ğŸ™ Prayer & Connection

Must be 18 or older to volunteer!

(PARKING IS FREE)",2,2025-11-21 03:25:12.978265+00,t,2025-12-27 19:30:00+00,2025-12-27 21:30:00+00,,t,
66207c1c-18a7-4e72-a25e-fccd2c41be49,,Meal Prep & Pack,2025-12-27 16:00:00+00,"364 Pale Horse Bend Buda, TX 78610","Saturday Morning Meal Prep ğŸğŸ’ª

Start your Saturday with purpose! Join us as we prepare 306 Peanut Butter & Jelly sandwiches, load up coolers, and pack meals that half of which will head straight into the hands of our homeless neighbors that very same day.

Youâ€™ll be part of the behind-the-scenes crew that makes our outreach possibleâ€”fueling both our Saturday AND Sunday routes with love, compassion, and the Gospel message. From spreading peanut butter to praying over meals, every moment counts. ğŸ§¡

ğŸ¥ª Prep | ğŸ“¦ Pack | ğŸš Load | ğŸ™Œ Serve

Must be 18 or older to volunteer!",0,2025-11-21 03:17:47.248593+00,t,2025-12-27 16:00:00+00,2025-12-27 19:00:00+00,,t,
eea1ff4e-41ca-43c6-9e24-1631a1178845,,Menchaca Handouts,2025-12-07 20:30:00+00,"2025 W Ben White Boulevard Frontage Rd, Austin, TX","Come Be the Hands and Feet of Jesus âœï¸ğŸ«¶

Join us this Sunday as we hit the streets of Austin to bring meals, Bibles, and prayer to those experiencing homelessness. Every handout is a chance to offer not just foodâ€”but hope, encouragement, and the powerful love of Jesus Christ.

Whether youâ€™re a returning volunteer or itâ€™s your first time out, youâ€™ll be walking in purpose alongside a community of passionate believers ready to make an eternal impact. Letâ€™s be bold in love, generous in spirit, and faithful in action. ğŸ’›

ğŸ“Austin, TX | â° Sundays | ğŸ‘ Meals & Bibles | ğŸ™ Prayer & Connection

Must be 18 or older to volunteer!

(PARKING IS FREE)",3,2025-11-21 03:33:26.28686+00,t,2025-12-07 20:30:00+00,2025-12-07 22:30:00+00,,t,
2411032e-76ff-42a2-8635-92681bffd3c1,,7th Street Handouts,2025-12-06 19:30:00+00,"720 E 7th St, Austin, TX","Come Be the Hands and Feet of Jesus âœï¸ğŸ«¶

Join us this Saturday as we hit the streets of Austin to bring meals, Bibles, and prayer to those experiencing homelessness. Every handout is a chance to offer not just foodâ€”but hope, encouragement, and the powerful love of Jesus Christ.

Whether youâ€™re a returning volunteer or itâ€™s your first time out, youâ€™ll be walking in purpose alongside a community of passionate believers ready to make an eternal impact. Letâ€™s be bold in love, generous in spirit, and faithful in action. ğŸ’›

ğŸ“Austin, TX | â° Saturdays | ğŸ‘ Meals & Bibles | ğŸ™ Prayer & Connection

Must be 18 or older to volunteer!

(PARKING IS FREE)",3,2025-11-21 03:27:03.280931+00,t,2025-12-06 19:30:00+00,2025-12-06 21:30:00+00,,t,
f6d38268-772b-42bf-8f92-312fab84f409,,Riverside Handouts,2025-12-06 19:30:00+00,"1908 S Pleasant Valley Rd, Austin, TX","Come Be the Hands and Feet of Jesus âœï¸ğŸ«¶

Join us this Saturday as we hit the streets of Austin to bring meals, Bibles, and prayer to those experiencing homelessness. Every handout is a chance to offer not just foodâ€”but hope, encouragement, and the powerful love of Jesus Christ.

Whether youâ€™re a returning volunteer or itâ€™s your first time out, youâ€™ll be walking in purpose alongside a community of passionate believers ready to make an eternal impact. Letâ€™s be bold in love, generous in spirit, and faithful in action. ğŸ’›

ğŸ“Austin, TX | â° Saturdays | ğŸ‘ Meals & Bibles | ğŸ™ Prayer & Connection

Must be 18 or older to volunteer!

Parking Instructions posted below in photos! (PARKING IS FREE)",0,2025-11-21 01:53:52.625201+00,t,2025-12-06 19:30:00+00,2025-12-06 21:30:00+00,,t,
13b00d3e-04ca-4f3e-8b84-955d3cab14ec,,Menchaca Handouts,2025-11-30 19:30:00+00,"2025 W Ben White Boulevard Frontage Rd, Austin, TX","Come Be the Hands and Feet of Jesus âœï¸ğŸ«¶

Join us this Sunday as we hit the streets of Austin to bring meals, Bibles, and prayer to those experiencing homelessness. Every handout is a chance to offer not just foodâ€”but hope, encouragement, and the powerful love of Jesus Christ.

Whether youâ€™re a returning volunteer or itâ€™s your first time out, youâ€™ll be walking in purpose alongside a community of passionate believers ready to make an eternal impact. Letâ€™s be bold in love, generous in spirit, and faithful in action. ğŸ’›

ğŸ“Austin, TX | â° Sundays | ğŸ‘ Meals & Bibles | ğŸ™ Prayer & Connection

Must be 18 or older to volunteer!

(PARKING IS FREE)
",8,2025-11-21 03:32:37.006865+00,t,2025-11-30 20:30:00+00,2025-11-30 22:30:00+00,,f,
9efaaf2c-f5fd-41b3-aa87-2c8fb6fedd3c,,Menchaca Handouts,2025-12-28 20:30:00+00,"2025 W Ben White Boulevard Frontage Rd, Austin, TX","Come Be the Hands and Feet of Jesus âœï¸ğŸ«¶

Join us this Sunday as we hit the streets of Austin to bring meals, Bibles, and prayer to those experiencing homelessness. Every handout is a chance to offer not just foodâ€”but hope, encouragement, and the powerful love of Jesus Christ.

Whether youâ€™re a returning volunteer or itâ€™s your first time out, youâ€™ll be walking in purpose alongside a community of passionate believers ready to make an eternal impact. Letâ€™s be bold in love, generous in spirit, and faithful in action. ğŸ’›

ğŸ“Austin, TX | â° Sundays | ğŸ‘ Meals & Bibles | ğŸ™ Prayer & Connection

Must be 18 or older to volunteer!

(PARKING IS FREE)",0,2025-11-21 03:35:36.398438+00,t,2025-12-28 20:30:00+00,2025-12-28 22:30:00+00,,t,
932dac7e-4232-474c-8dc8-a72ebcea22e2,,Menchaca Handouts,2025-12-21 20:30:00+00,"2025 W Ben White Boulevard Frontage Rd, Austin, TX","Come Be the Hands and Feet of Jesus âœï¸ğŸ«¶

Join us this Sunday as we hit the streets of Austin to bring meals, Bibles, and prayer to those experiencing homelessness. Every handout is a chance to offer not just foodâ€”but hope, encouragement, and the powerful love of Jesus Christ.

Whether youâ€™re a returning volunteer or itâ€™s your first time out, youâ€™ll be walking in purpose alongside a community of passionate believers ready to make an eternal impact. Letâ€™s be bold in love, generous in spirit, and faithful in action. ğŸ’›

ğŸ“Austin, TX | â° Sundays | ğŸ‘ Meals & Bibles | ğŸ™ Prayer & Connection

Must be 18 or older to volunteer!

(PARKING IS FREE)",0,2025-11-21 03:35:05.5993+00,t,2025-12-21 20:30:00+00,2025-12-21 22:30:00+00,,t,
230cef7f-5ba5-484d-bd87-67a63a7e5cb6,,Menchaca Handouts,2025-12-14 20:30:00+00,"2025 W Ben White Boulevard Frontage Rd, Austin, TX","Come Be the Hands and Feet of Jesus âœï¸ğŸ«¶

Join us this Sunday as we hit the streets of Austin to bring meals, Bibles, and prayer to those experiencing homelessness. Every handout is a chance to offer not just foodâ€”but hope, encouragement, and the powerful love of Jesus Christ.

Whether youâ€™re a returning volunteer or itâ€™s your first time out, youâ€™ll be walking in purpose alongside a community of passionate believers ready to make an eternal impact. Letâ€™s be bold in love, generous in spirit, and faithful in action. ğŸ’›

ğŸ“Austin, TX | â° Sundays | ğŸ‘ Meals & Bibles | ğŸ™ Prayer & Connection

Must be 18 or older to volunteer!

(PARKING IS FREE)",1,2025-11-21 03:34:21.897845+00,t,2025-12-14 20:30:00+00,2025-12-14 22:30:00+00,,t,
015ac690-a971-4848-a8e7-d3ae4c8093d3,,Riverside Handouts,2026-01-17 19:30:00+00,"1909 S Pleasant Valley Rd Austin, TX  78741","Come Be the Hands and Feet of Jesus âœï¸ğŸ«¶

Join us this Saturday as we hit the streets of Austin to bring meals, Bibles, and prayer to those experiencing homelessness. Every handout is a chance to offer not just foodâ€”but hope, encouragement, and the powerful love of Jesus Christ.

Whether youâ€™re a returning volunteer or itâ€™s your first time out, youâ€™ll be walking in purpose alongside a community of passionate believers ready to make an eternal impact. Letâ€™s be bold in love, generous in spirit, and faithful in action. ğŸ’›

Must be 18 or older to volunteer!

(PARKING IS FREE)",8,2025-12-31 23:23:53.358753+00,f,2026-01-17 19:30:00+00,2026-01-17 21:30:00+00,,f,
66e1d6f4-a618-4abd-b7cc-95f0cccf87f6,,Menchaca Handouts,2026-01-04 20:30:00+00,"2025 W Ben White Boulevard Frontage Rd, Austin, TX","Come Be the Hands and Feet of Jesus âœï¸ğŸ«¶

Join us this Sunday as we hit the streets of Austin to bring meals, Bibles, and prayer to those experiencing homelessness. Every handout is a chance to offer not just foodâ€”but hope, encouragement, and the powerful love of Jesus Christ.

Whether youâ€™re a returning volunteer or itâ€™s your first time out, youâ€™ll be walking in purpose alongside a community of passionate believers ready to make an eternal impact. Letâ€™s be bold in love, generous in spirit, and faithful in action. ğŸ’›

ğŸ“Austin, TX | â° Sundays | ğŸ‘ Meals & Bibles | ğŸ™ Prayer & Connection

Must be 18 or older to volunteer!

(PARKING IS FREE)",0,2025-11-21 03:36:09.028492+00,t,2026-01-04 20:30:00+00,2026-01-04 22:30:00+00,,f,
6217f28f-e3d2-4bd3-b268-f3501c6cb58b,,Riverside Handouts,2026-01-10 19:30:00+00,"1909 S Pleasant Valley Rd Austin, TX  78741","Come Be the Hands and Feet of Jesus âœï¸ğŸ«¶

Join us this Saturday as we hit the streets of Austin to bring meals, Bibles, and prayer to those experiencing homelessness. Every handout is a chance to offer not just foodâ€”but hope, encouragement, and the powerful love of Jesus Christ.

Whether youâ€™re a returning volunteer or itâ€™s your first time out, youâ€™ll be walking in purpose alongside a community of passionate believers ready to make an eternal impact. Letâ€™s be bold in love, generous in spirit, and faithful in action. ğŸ’›

Must be 18 or older to volunteer!

(PARKING IS FREE)",2,2025-12-31 23:23:08.31853+00,f,2026-01-10 19:30:00+00,2026-01-10 21:30:00+00,,f,
d7c66276-31f7-4f14-a37f-67ae5f3f5010,,Meal Prep & Pack,2026-02-14 16:00:00+00,"364 Pale Horse Bend Buda, TX 78610","Saturday Morning Meal Prep ğŸğŸ’ª

Start your Saturday with purpose! Join us as we prepare 306 Peanut Butter & Jelly sandwiches, load up coolers, and pack meals that half of which will head straight into the hands of our homeless neighbors that very same day.

Youâ€™ll be part of the behind-the-scenes crew that makes our outreach possibleâ€”fueling both our Saturday AND Sunday routes with love, compassion, and the Gospel message. From spreading peanut butter to praying over meals, every moment counts. ğŸ§¡

ğŸ¥ª Prep | ğŸ“¦ Pack | ğŸš Load | ğŸ™Œ Serve

Must be 18 or older to volunteer!",12,2025-12-31 23:19:47.831202+00,f,2026-02-14 16:00:00+00,2026-02-14 19:00:00+00,,f,
2a1bdf88-e58a-40da-a31b-00c08befee16,,Meal Prep & Pack,2026-02-21 16:00:00+00,"364 Pale Horse Bend Buda, TX 78610","Saturday Morning Meal Prep ğŸğŸ’ª

Start your Saturday with purpose! Join us as we prepare 306 Peanut Butter & Jelly sandwiches, load up coolers, and pack meals that half of which will head straight into the hands of our homeless neighbors that very same day.

Youâ€™ll be part of the behind-the-scenes crew that makes our outreach possibleâ€”fueling both our Saturday AND Sunday routes with love, compassion, and the Gospel message. From spreading peanut butter to praying over meals, every moment counts. ğŸ§¡

ğŸ¥ª Prep | ğŸ“¦ Pack | ğŸš Load | ğŸ™Œ Serve

Must be 18 or older to volunteer!",12,2025-12-31 23:20:25.455128+00,f,2026-02-21 16:00:00+00,2026-02-21 19:00:00+00,,f,
d68e1e46-a976-4f37-954e-fc9d052b9b28,,Meal Prep & Pack,2026-02-28 16:00:00+00,"364 Pale Horse Bend Buda, TX 78610","Saturday Morning Meal Prep ğŸğŸ’ª

Start your Saturday with purpose! Join us as we prepare 306 Peanut Butter & Jelly sandwiches, load up coolers, and pack meals that half of which will head straight into the hands of our homeless neighbors that very same day.

Youâ€™ll be part of the behind-the-scenes crew that makes our outreach possibleâ€”fueling both our Saturday AND Sunday routes with love, compassion, and the Gospel message. From spreading peanut butter to praying over meals, every moment counts. ğŸ§¡

ğŸ¥ª Prep | ğŸ“¦ Pack | ğŸš Load | ğŸ™Œ Serve

Must be 18 or older to volunteer!",12,2025-12-31 23:21:01.950506+00,f,2026-02-28 16:00:00+00,2026-02-28 19:00:00+00,,f,
a479df03-36df-421d-a65c-f1ffd7bbaec7,,Riverside Handouts,2026-01-24 19:30:00+00,"1909 S Pleasant Valley Rd Austin, TX  78741","Come Be the Hands and Feet of Jesus âœï¸ğŸ«¶

Join us this Saturday as we hit the streets of Austin to bring meals, Bibles, and prayer to those experiencing homelessness. Every handout is a chance to offer not just foodâ€”but hope, encouragement, and the powerful love of Jesus Christ.

Whether youâ€™re a returning volunteer or itâ€™s your first time out, youâ€™ll be walking in purpose alongside a community of passionate believers ready to make an eternal impact. Letâ€™s be bold in love, generous in spirit, and faithful in action. ğŸ’›

Must be 18 or older to volunteer!

(PARKING IS FREE)",9,2025-12-31 23:24:33.208689+00,f,2026-01-24 19:30:00+00,2026-01-24 21:30:00+00,,f,
66f5ec7e-9c79-4a21-8d0d-9e2fb50dc283,,Meal Prep & Pack,2026-02-07 16:00:00+00,"364 Pale Horse Bend Buda, TX 78610","Saturday Morning Meal Prep ğŸğŸ’ª

Start your Saturday with purpose! Join us as we prepare 306 Peanut Butter & Jelly sandwiches, load up coolers, and pack meals that half of which will head straight into the hands of our homeless neighbors that very same day.

Youâ€™ll be part of the behind-the-scenes crew that makes our outreach possibleâ€”fueling both our Saturday AND Sunday routes with love, compassion, and the Gospel message. From spreading peanut butter to praying over meals, every moment counts. ğŸ§¡

ğŸ¥ª Prep | ğŸ“¦ Pack | ğŸš Load | ğŸ™Œ Serve

Must be 18 or older to volunteer!",12,2025-12-31 23:17:05.579922+00,f,2026-02-07 16:00:00+00,2026-02-07 19:00:00+00,,f,
bca1a4d1-d7b0-4d82-bdf8-ee96906fa737,,Riverside Handouts,2026-02-28 19:30:00+00,"1909 S Pleasant Valley Rd Austin, TX  78741","Come Be the Hands and Feet of Jesus âœï¸ğŸ«¶

Join us this Saturday as we hit the streets of Austin to bring meals, Bibles, and prayer to those experiencing homelessness. Every handout is a chance to offer not just foodâ€”but hope, encouragement, and the powerful love of Jesus Christ.

Whether youâ€™re a returning volunteer or itâ€™s your first time out, youâ€™ll be walking in purpose alongside a community of passionate believers ready to make an eternal impact. Letâ€™s be bold in love, generous in spirit, and faithful in action. ğŸ’›

Must be 18 or older to volunteer!

(PARKING IS FREE)",9,2025-12-31 23:27:45.62699+00,f,2026-02-28 19:30:00+00,2026-02-28 21:30:00+00,,f,
b6348a27-db0b-4a64-ba8a-79bcee33fd31,,Riverside Handouts,2026-01-31 19:30:00+00,"1909 S Pleasant Valley Rd Austin, TX  78741","Come Be the Hands and Feet of Jesus âœï¸ğŸ«¶

Join us this Saturday as we hit the streets of Austin to bring meals, Bibles, and prayer to those experiencing homelessness. Every handout is a chance to offer not just foodâ€”but hope, encouragement, and the powerful love of Jesus Christ.

Whether youâ€™re a returning volunteer or itâ€™s your first time out, youâ€™ll be walking in purpose alongside a community of passionate believers ready to make an eternal impact. Letâ€™s be bold in love, generous in spirit, and faithful in action. ğŸ’›

Must be 18 or older to volunteer!

(PARKING IS FREE)",8,2025-12-31 23:25:11.01375+00,f,2026-01-31 19:30:00+00,2026-01-31 21:30:00+00,,f,
246a59d2-94bd-4bcc-8e0c-e08d51feacce,,7th Street Handouts,2026-01-10 19:30:00+00,"720 E 7th St, Austin, TX","Come Be the Hands and Feet of Jesus âœï¸ğŸ«¶

Join us this Saturday as we hit the streets of Austin to bring meals, Bibles, and prayer to those experiencing homelessness. Every handout is a chance to offer not just foodâ€”but hope, encouragement, and the powerful love of Jesus Christ.

Whether youâ€™re a returning volunteer or itâ€™s your first time out, youâ€™ll be walking in purpose alongside a community of passionate believers ready to make an eternal impact. Letâ€™s be bold in love, generous in spirit, and faithful in action. ğŸ’›

Must be 18 or older to volunteer!

(PARKING IS FREE)",0,2025-12-31 23:28:49.863713+00,f,2026-01-10 19:30:00+00,2026-01-10 21:30:00+00,,f,
0e855df9-903d-493f-8896-b104f62d75c2,,7th Street Handouts,2026-01-17 19:30:00+00,"720 E 7th St, Austin, TX","Come Be the Hands and Feet of Jesus âœï¸ğŸ«¶

Join us this Saturday as we hit the streets of Austin to bring meals, Bibles, and prayer to those experiencing homelessness. Every handout is a chance to offer not just foodâ€”but hope, encouragement, and the powerful love of Jesus Christ.

Whether youâ€™re a returning volunteer or itâ€™s your first time out, youâ€™ll be walking in purpose alongside a community of passionate believers ready to make an eternal impact. Letâ€™s be bold in love, generous in spirit, and faithful in action. ğŸ’›

Must be 18 or older to volunteer!

(PARKING IS FREE)",6,2025-12-31 23:29:23.449052+00,f,2026-01-17 19:30:00+00,2026-01-17 21:30:00+00,,f,
e56c519f-e621-44ee-9ad3-939eab6fb19c,,Riverside Handouts,2026-02-07 19:30:00+00,"1909 S Pleasant Valley Rd Austin, TX  78741","Come Be the Hands and Feet of Jesus âœï¸ğŸ«¶

Join us this Saturday as we hit the streets of Austin to bring meals, Bibles, and prayer to those experiencing homelessness. Every handout is a chance to offer not just foodâ€”but hope, encouragement, and the powerful love of Jesus Christ.

Whether youâ€™re a returning volunteer or itâ€™s your first time out, youâ€™ll be walking in purpose alongside a community of passionate believers ready to make an eternal impact. Letâ€™s be bold in love, generous in spirit, and faithful in action. ğŸ’›

Must be 18 or older to volunteer!

(PARKING IS FREE)",9,2025-12-31 23:25:48.338553+00,f,2026-02-07 19:30:00+00,2026-02-07 21:30:00+00,,f,
369dc79b-b6bb-4278-b90a-9cd13ab18ee1,,7th Street Handouts,2026-02-07 19:30:00+00,"720 E 7th St, Austin, TX","Come Be the Hands and Feet of Jesus âœï¸ğŸ«¶

Join us this Saturday as we hit the streets of Austin to bring meals, Bibles, and prayer to those experiencing homelessness. Every handout is a chance to offer not just foodâ€”but hope, encouragement, and the powerful love of Jesus Christ.

Whether youâ€™re a returning volunteer or itâ€™s your first time out, youâ€™ll be walking in purpose alongside a community of passionate believers ready to make an eternal impact. Letâ€™s be bold in love, generous in spirit, and faithful in action. ğŸ’›

Must be 18 or older to volunteer!

(PARKING IS FREE)",10,2025-12-31 23:30:56.855015+00,f,2026-02-07 19:30:00+00,2026-02-07 21:30:00+00,,f,
2abf3ccb-f172-449a-b60e-8cf180d59108,,7th Street Handouts,2026-01-31 19:30:00+00,"720 E 7th St, Austin, TX","Come Be the Hands and Feet of Jesus âœï¸ğŸ«¶

Join us this Saturday as we hit the streets of Austin to bring meals, Bibles, and prayer to those experiencing homelessness. Every handout is a chance to offer not just foodâ€”but hope, encouragement, and the powerful love of Jesus Christ.

Whether youâ€™re a returning volunteer or itâ€™s your first time out, youâ€™ll be walking in purpose alongside a community of passionate believers ready to make an eternal impact. Letâ€™s be bold in love, generous in spirit, and faithful in action. ğŸ’›

Must be 18 or older to volunteer!

(PARKING IS FREE)",10,2025-12-31 23:30:23.907466+00,f,2026-01-31 19:30:00+00,2026-01-31 21:30:00+00,,f,
227000fc-02f1-43a0-82f0-895748cf495b,,Menchaca Handouts,2026-01-18 20:30:00+00,"2025 W Ben White Boulevard Frontage Rd, Austin, TX","Come Be the Hands and Feet of Jesus âœï¸ğŸ«¶

Join us this Sunday as we hit the streets of Austin to bring meals, Bibles, and prayer to those experiencing homelessness. Every handout is a chance to offer not just foodâ€”but hope, encouragement, and the powerful love of Jesus Christ.

Whether youâ€™re a returning volunteer or itâ€™s your first time out, youâ€™ll be walking in purpose alongside a community of passionate believers ready to make an eternal impact. Letâ€™s be bold in love, generous in spirit, and faithful in action. ğŸ’›

Must be 18 or older to volunteer!

(PARKING IS FREE)",8,2025-12-31 23:34:03.1598+00,f,2026-01-18 20:30:00+00,2026-01-18 22:30:00+00,,f,
acb4d7be-e395-4220-a23d-9f2d3daba870,,7th Street Handouts,2026-02-14 19:30:00+00,"720 E 7th St, Austin, TX","Come Be the Hands and Feet of Jesus âœï¸ğŸ«¶

Join us this Saturday as we hit the streets of Austin to bring meals, Bibles, and prayer to those experiencing homelessness. Every handout is a chance to offer not just foodâ€”but hope, encouragement, and the powerful love of Jesus Christ.

Whether youâ€™re a returning volunteer or itâ€™s your first time out, youâ€™ll be walking in purpose alongside a community of passionate believers ready to make an eternal impact. Letâ€™s be bold in love, generous in spirit, and faithful in action. ğŸ’›

Must be 18 or older to volunteer!

(PARKING IS FREE)",10,2025-12-31 23:31:31.501838+00,f,2026-02-14 19:30:00+00,2026-02-14 21:30:00+00,,f,
6e99c908-d190-4d38-bb1e-c9273d9952aa,,7th Street Handouts,2026-02-21 19:30:00+00,"720 E 7th St, Austin, TX","Come Be the Hands and Feet of Jesus âœï¸ğŸ«¶

Join us this Saturday as we hit the streets of Austin to bring meals, Bibles, and prayer to those experiencing homelessness. Every handout is a chance to offer not just foodâ€”but hope, encouragement, and the powerful love of Jesus Christ.

Whether youâ€™re a returning volunteer or itâ€™s your first time out, youâ€™ll be walking in purpose alongside a community of passionate believers ready to make an eternal impact. Letâ€™s be bold in love, generous in spirit, and faithful in action. ğŸ’›

Must be 18 or older to volunteer!",10,2025-12-31 23:32:03.003106+00,f,2026-02-21 19:30:00+00,2026-02-21 21:30:00+00,,f,
52a0c691-c7ba-4574-bcb7-4e2b43952af0,,7th Street Handouts,2026-02-28 19:30:00+00,"720 E 7th St, Austin, TX","Come Be the Hands and Feet of Jesus âœï¸ğŸ«¶

Join us this Saturday as we hit the streets of Austin to bring meals, Bibles, and prayer to those experiencing homelessness. Every handout is a chance to offer not just foodâ€”but hope, encouragement, and the powerful love of Jesus Christ.

Whether youâ€™re a returning volunteer or itâ€™s your first time out, youâ€™ll be walking in purpose alongside a community of passionate believers ready to make an eternal impact. Letâ€™s be bold in love, generous in spirit, and faithful in action. ğŸ’›

Must be 18 or older to volunteer!

(PARKING IS FREE)",10,2025-12-31 23:32:33.090994+00,f,2026-02-28 19:30:00+00,2026-02-28 21:30:00+00,,f,
fb4e164f-134c-4d74-a156-6768b16f4bbe,,Riverside Handouts,2026-02-14 19:30:00+00,"1909 S Pleasant Valley Rd Austin, TX  78741","Come Be the Hands and Feet of Jesus âœï¸ğŸ«¶

Join us this Saturday as we hit the streets of Austin to bring meals, Bibles, and prayer to those experiencing homelessness. Every handout is a chance to offer not just foodâ€”but hope, encouragement, and the powerful love of Jesus Christ.

Whether youâ€™re a returning volunteer or itâ€™s your first time out, youâ€™ll be walking in purpose alongside a community of passionate believers ready to make an eternal impact. Letâ€™s be bold in love, generous in spirit, and faithful in action. ğŸ’›

Must be 18 or older to volunteer!

(PARKING IS FREE)",9,2025-12-31 23:26:29.588542+00,f,2026-02-14 19:30:00+00,2026-02-14 21:30:00+00,,f,
6d6bcde9-0ce7-4641-a185-37a51df24290,,Riverside Handouts,2026-02-21 19:30:00+00,"1909 S Pleasant Valley Rd Austin, TX  78741","Come Be the Hands and Feet of Jesus âœï¸ğŸ«¶

Join us this Saturday as we hit the streets of Austin to bring meals, Bibles, and prayer to those experiencing homelessness. Every handout is a chance to offer not just foodâ€”but hope, encouragement, and the powerful love of Jesus Christ.

Whether youâ€™re a returning volunteer or itâ€™s your first time out, youâ€™ll be walking in purpose alongside a community of passionate believers ready to make an eternal impact. Letâ€™s be bold in love, generous in spirit, and faithful in action. ğŸ’›

Must be 18 or older to volunteer!

(PARKING IS FREE)",9,2025-12-31 23:27:11.965771+00,f,2026-02-21 19:30:00+00,2026-02-21 21:30:00+00,,f,
e5bbfe55-be46-4a20-b163-59e080064d01,,7th Street Handouts,2026-01-24 19:30:00+00,"720 E 7th St, Austin, TX","Come Be the Hands and Feet of Jesus âœï¸ğŸ«¶

Join us this Saturday as we hit the streets of Austin to bring meals, Bibles, and prayer to those experiencing homelessness. Every handout is a chance to offer not just foodâ€”but hope, encouragement, and the powerful love of Jesus Christ.

Whether youâ€™re a returning volunteer or itâ€™s your first time out, youâ€™ll be walking in purpose alongside a community of passionate believers ready to make an eternal impact. Letâ€™s be bold in love, generous in spirit, and faithful in action. ğŸ’›

Must be 18 or older to volunteer!

(PARKING IS FREE)",7,2025-12-31 23:29:53.272034+00,f,2026-01-24 19:30:00+00,2026-01-24 21:30:00+00,,f,
0fd2a5f4-8062-489e-8f2c-83538175ffdf,,Meal Prep & Pack,2026-01-10 16:00:00+00,"364 Pale Horse Bend Buda, TX 78610","Saturday Morning Meal Prep ğŸğŸ’ª

Start your Saturday with purpose! Join us as we prepare 306 Peanut Butter & Jelly sandwiches, load up coolers, and pack meals that half of which will head straight into the hands of our homeless neighbors that very same day.

Youâ€™ll be part of the behind-the-scenes crew that makes our outreach possibleâ€”fueling both our Saturday AND Sunday routes with love, compassion, and the Gospel message. From spreading peanut butter to praying over meals, every moment counts. ğŸ§¡

ğŸ¥ª Prep | ğŸ“¦ Pack | ğŸš Load | ğŸ™Œ Serve

Must be 18 or older to volunteer!",0,2025-12-31 23:13:35.777895+00,f,2026-01-10 16:00:00+00,2026-01-10 19:00:00+00,,f,
eca2e03c-7094-45bb-bd92-154a1fd33f1f,,Riverside Handouts,2025-12-13 19:30:00+00,"2404 E Riverside Dr Austin, TX 78741","Come Be the Hands and Feet of Jesus âœï¸ğŸ«¶

Join us this Saturday as we hit the streets of Austin to bring meals, Bibles, and prayer to those experiencing homelessness. Every handout is a chance to offer not just foodâ€”but hope, encouragement, and the powerful love of Jesus Christ.

Whether youâ€™re a returning volunteer or itâ€™s your first time out, youâ€™ll be walking in purpose alongside a community of passionate believers ready to make an eternal impact. Letâ€™s be bold in love, generous in spirit, and faithful in action. ğŸ’›

ğŸ“Austin, TX | â° Saturdays | ğŸ‘ Meals & Bibles | ğŸ™ Prayer & Connection

Must be 18 or older to volunteer!

(PARKING IS FREE)",1,2025-11-21 03:24:02.107086+00,t,2025-12-13 19:30:00+00,2025-12-13 21:30:00+00,,t,
68e4aaeb-3474-4c4c-a0dd-561d35bb54d7,,Menchaca Handouts,2026-02-22 20:30:00+00,"2025 W Ben White Boulevard Frontage Rd, Austin, TX","Come Be the Hands and Feet of Jesus âœï¸ğŸ«¶

Join us this Sunday as we hit the streets of Austin to bring meals, Bibles, and prayer to those experiencing homelessness. Every handout is a chance to offer not just foodâ€”but hope, encouragement, and the powerful love of Jesus Christ.

Whether youâ€™re a returning volunteer or itâ€™s your first time out, youâ€™ll be walking in purpose alongside a community of passionate believers ready to make an eternal impact. Letâ€™s be bold in love, generous in spirit, and faithful in action. ğŸ’›

Must be 18 or older to volunteer!

(PARKING IS FREE)",9,2025-12-31 23:37:08.374897+00,f,2026-02-22 20:30:00+00,2026-02-22 22:30:00+00,,f,
a13e05c3-110f-4a84-8ce2-17507bfccd34,,Menchaca Handouts,2026-02-08 20:30:00+00,"2025 W Ben White Boulevard Frontage Rd, Austin, TX","Come Be the Hands and Feet of Jesus âœï¸ğŸ«¶

Join us this Sunday as we hit the streets of Austin to bring meals, Bibles, and prayer to those experiencing homelessness. Every handout is a chance to offer not just foodâ€”but hope, encouragement, and the powerful love of Jesus Christ.

Whether youâ€™re a returning volunteer or itâ€™s your first time out, youâ€™ll be walking in purpose alongside a community of passionate believers ready to make an eternal impact. Letâ€™s be bold in love, generous in spirit, and faithful in action. ğŸ’›

Must be 18 or older to volunteer!

(PARKING IS FREE)",0,2025-12-31 23:35:57.65284+00,f,2026-02-08 20:30:00+00,2026-02-08 22:30:00+00,,f,
10990506-78bf-4e31-99a4-f3283dad93d1,,Menchaca Handouts,2026-01-25 20:30:00+00,"2025 W Ben White Boulevard Frontage Rd, Austin, TX","Come Be the Hands and Feet of Jesus âœï¸ğŸ«¶

Join us this Sunday as we hit the streets of Austin to bring meals, Bibles, and prayer to those experiencing homelessness. Every handout is a chance to offer not just foodâ€”but hope, encouragement, and the powerful love of Jesus Christ.

Whether youâ€™re a returning volunteer or itâ€™s your first time out, youâ€™ll be walking in purpose alongside a community of passionate believers ready to make an eternal impact. Letâ€™s be bold in love, generous in spirit, and faithful in action. ğŸ’›

Must be 18 or older to volunteer!

(PARKING IS FREE)",8,2025-12-31 23:34:37.884677+00,f,2026-01-25 20:30:00+00,2026-01-25 22:30:00+00,,f,
e3e7cdd4-6b44-4841-bbfc-648c33876b56,,Meal Prep & Pack,2026-01-17 16:00:00+00,"364 Pale Horse Bend Buda, TX 78610","Saturday Morning Meal Prep ğŸğŸ’ª

Start your Saturday with purpose! Join us as we prepare 306 Peanut Butter & Jelly sandwiches, load up coolers, and pack meals that half of which will head straight into the hands of our homeless neighbors that very same day.

Youâ€™ll be part of the behind-the-scenes crew that makes our outreach possibleâ€”fueling both our Saturday AND Sunday routes with love, compassion, and the Gospel message. From spreading peanut butter to praying over meals, every moment counts. ğŸ§¡

ğŸ¥ª Prep | ğŸ“¦ Pack | ğŸš Load | ğŸ™Œ Serve

Must be 18 or older to volunteer!",12,2025-12-31 23:14:29.986046+00,f,2026-01-17 16:00:00+00,2026-01-17 19:00:00+00,,f,
a13f202c-5964-4e59-8cdf-a555aae31d26,,Menchaca Handouts,2026-02-01 20:30:00+00,"2025 W Ben White Boulevard Frontage Rd, Austin, TX","Come Be the Hands and Feet of Jesus âœï¸ğŸ«¶

Join us this Sunday as we hit the streets of Austin to bring meals, Bibles, and prayer to those experiencing homelessness. Every handout is a chance to offer not just foodâ€”but hope, encouragement, and the powerful love of Jesus Christ.

Whether youâ€™re a returning volunteer or itâ€™s your first time out, youâ€™ll be walking in purpose alongside a community of passionate believers ready to make an eternal impact. Letâ€™s be bold in love, generous in spirit, and faithful in action. ğŸ’›

Must be 18 or older to volunteer!

(PARKING IS FREE)",7,2025-12-31 23:35:19.063762+00,f,2026-02-01 20:30:00+00,2026-02-01 22:30:00+00,,f,
957f91b6-89ae-477b-a018-8ed4fe202880,,Menchaca Handouts,2026-02-15 20:30:00+00,"2025 W Ben White Boulevard Frontage Rd, Austin, TX","Come Be the Hands and Feet of Jesus âœï¸ğŸ«¶

Join us this Sunday as we hit the streets of Austin to bring meals, Bibles, and prayer to those experiencing homelessness. Every handout is a chance to offer not just foodâ€”but hope, encouragement, and the powerful love of Jesus Christ.

Whether youâ€™re a returning volunteer or itâ€™s your first time out, youâ€™ll be walking in purpose alongside a community of passionate believers ready to make an eternal impact. Letâ€™s be bold in love, generous in spirit, and faithful in action. ğŸ’›

Must be 18 or older to volunteer!

(PARKING IS FREE)",8,2025-12-31 23:36:27.302732+00,f,2026-02-15 20:30:00+00,2026-02-15 22:30:00+00,,f,
a9b258f2-fcf0-4ff9-ad3b-f880cd43066b,,Menchaca Handouts,2026-01-11 20:30:00+00,"2025 W Ben White Boulevard Frontage Rd, Austin, TX","Come Be the Hands and Feet of Jesus âœï¸ğŸ«¶

Join us this Sunday as we hit the streets of Austin to bring meals, Bibles, and prayer to those experiencing homelessness. Every handout is a chance to offer not just foodâ€”but hope, encouragement, and the powerful love of Jesus Christ.

Whether youâ€™re a returning volunteer or itâ€™s your first time out, youâ€™ll be walking in purpose alongside a community of passionate believers ready to make an eternal impact. Letâ€™s be bold in love, generous in spirit, and faithful in action. ğŸ’›

Must be 18 or older to volunteer!

(PARKING IS FREE)",2,2025-12-31 23:33:29.433082+00,f,2026-01-11 20:30:00+00,2026-01-11 22:30:00+00,,f,
55b10bd6-0409-483e-915d-71856d9e34ef,,Meal Prep & Pack,2026-01-31 16:00:00+00,"364 Pale Horse Bend Buda, TX 78610","Saturday Morning Meal Prep ğŸğŸ’ª

Start your Saturday with purpose! Join us as we prepare 306 Peanut Butter & Jelly sandwiches, load up coolers, and pack meals that half of which will head straight into the hands of our homeless neighbors that very same day.

Youâ€™ll be part of the behind-the-scenes crew that makes our outreach possibleâ€”fueling both our Saturday AND Sunday routes with love, compassion, and the Gospel message. From spreading peanut butter to praying over meals, every moment counts. ğŸ§¡

ğŸ¥ª Prep | ğŸ“¦ Pack | ğŸš Load | ğŸ™Œ Serve

Must be 18 or older to volunteer!",11,2025-12-31 23:16:29.352343+00,f,2026-01-31 16:00:00+00,2026-01-31 19:00:00+00,,f,
